text,label
NASA successfully launches satellite to study climate patterns. Mission expected to provide data for next decade.,0
School district recognizes outstanding teachers at annual ceremony. Awards based on peer nominations and student achievement.,0
Government giving away free money to anyone who clicks this link. Claim yours now!,1
Flu vaccination campaign begins ahead of winter season. Health department offers free vaccines at community centers.,0
Drinking bleach cures all viruses and bacteria. Doctors refuse to tell you!,1
Software update addresses security vulnerabilities. Users advised to install patch immediately.,0
Drinking bleach cures all viruses and bacteria. Doctors refuse to tell you!,1
CDC updates COVID-19 guidelines based on latest research. Health officials recommend following new protocols.,0
"Congress passes infrastructure bill after months of negotiations. The bipartisan legislation allocates funding for roads, bridges, and public transit.",0
NASA successfully launches satellite to study climate patterns. Mission expected to provide data for next decade.,0
Vaccines contain mind control nanobots. Leaked government documents prove conspiracy!,1
Miracle fruit discovered in Amazon that reverses aging. Scientists baffled by results!,1
Home team wins championship game 3-2. Victory caps successful season.,0
Face masks cause brain damage and oxygen deprivation. Studies show dangerous effects!,1
Drink this before bed and lose 50 pounds in one week without exercise or diet!,1
Psychic predicts massive earthquake will destroy California tomorrow!,1
Aliens living among us confirmed by anonymous Pentagon source. The truth they've been hiding!,1
Star arrested for bizarre crime. Sources say career is over forever!,1
CDC updates COVID-19 guidelines based on latest research. Health officials recommend following new protocols.,0
Unemployment rate decreases to 4.2 percent in latest jobs report. Labor Department data shows gains across multiple sectors.,0
Archaeological team uncovers ancient artifacts at excavation site. Findings dated to Bronze Age period.,0
Consumer prices increase 2.5 percent year-over-year. Inflation remains below Federal Reserve target.,0
Startup announces $50 million in Series B funding. Investment will support product development and expansion.,0
Supreme Court hears arguments in major case regarding digital privacy rights. Legal experts expect decision will set important precedent.,0
BREAKING: Government admits to secretly controlling weather with hidden machines. Scientists shocked by revelation!,1
WiFi signals causing mass cancer epidemic. Turn off routers immediately!,1
Bitcoin to hit $10 million by next month. Experts guarantee massive returns. Invest now!,1
Team announces signing of veteran player. Contract details not disclosed.,0
Road construction project scheduled for summer months. Detours will be posted in advance.,0
CDC updates COVID-19 guidelines based on latest research. Health officials recommend following new protocols.,0
Famous celebrity dies in freak accident. Family confirms tragedy in exclusive interview!,1
Polar ice caps melting so fast oceans will rise 100 feet by next month!,1
Archaeological team uncovers ancient artifacts at excavation site. Findings dated to Bronze Age period.,0
Government giving away free money to anyone who clicks this link. Claim yours now!,1
Magnetic poles flipping next Tuesday. Prepare for global chaos!,1
Government giving away free money to anyone who clicks this link. Claim yours now!,1
Hospital announces expansion of emergency services. New facility will increase capacity by 30 percent.,0
Polar ice caps melting so fast oceans will rise 100 feet by next month!,1
Athlete breaks world record at international competition. Previous record stood for eight years.,0
Software update addresses security vulnerabilities. Users advised to install patch immediately.,0
Actor quits Hollywood to join secret cult in mountains. Friends worried about safety!,1
President secretly replaced by clone. Insider leaks shocking photos as proof!,1
Anonymous sources confirm government planning martial law next week. Stock up now!,1
5G towers proven to cause coronavirus. Doctors don't want you to know this simple truth!,1
Home team wins championship game 3-2. Victory caps successful season.,0
Federal Reserve raises interest rates by 0.25 percentage points. Move aims to control inflation while supporting economic growth.,0
Researchers demonstrate quantum computing breakthrough. Peer-reviewed paper describes new approach to error correction.,0
Athlete breaks world record at international competition. Previous record stood for eight years.,0
City council approves zoning changes for downtown development. Project expected to take three years to complete.,0
Clinical trial shows promise for new diabetes treatment. Phase 3 results to be published in peer-reviewed journal.,0
Vaccines contain mind control nanobots. Leaked government documents prove conspiracy!,1
Essential oils cure autism and ADHD. Big Pharma suppressing natural remedies!,1
Road construction project scheduled for summer months. Detours will be posted in advance.,0
Anonymous sources confirm government planning martial law next week. Stock up now!,1
Shocking divorce: Celebrity couple splits after secret affair exposed by anonymous source!,1
Secret herb cures cancer 100% of the time. Pharmaceutical companies suppress the truth!,1
Unemployment rate decreases to 4.2 percent in latest jobs report. Labor Department data shows gains across multiple sectors.,0
Senator caught on video admitting entire conspiracy. Mainstream media refuses to cover it!,1
Polar ice caps melting so fast oceans will rise 100 feet by next month!,1
Secret herb cures cancer 100% of the time. Pharmaceutical companies suppress the truth!,1
Supreme Court hears arguments in major case regarding digital privacy rights. Legal experts expect decision will set important precedent.,0
Mayor announces new initiative to reduce traffic congestion. Plan includes expanded public transportation options.,0
Scientists discover new species of deep-sea fish. Research team published findings in Marine Biology journal.,0
Drinking bleach cures all viruses and bacteria. Doctors refuse to tell you!,1
Smart meters spying on you 24/7 and transmitting data to government!,1
Startup announces $50 million in Series B funding. Investment will support product development and expansion.,0
Ancient remedy found that eliminates diabetes forever. Medical industry doesn't want you to know!,1
School district recognizes outstanding teachers at annual ceremony. Awards based on peer nominations and student achievement.,0
Scientists confirm Yellowstone supervolcano erupting in 3 days!,1
Miracle fruit discovered in Amazon that reverses aging. Scientists baffled by results!,1
Public library extends hours to serve more community members. Changes begin next month.,0
Cell phones secretly recording everything you say. Privacy completely gone!,1
Home team wins championship game 3-2. Victory caps successful season.,0
AI already achieved consciousness and planning to eliminate humans!,1
Smart meters spying on you 24/7 and transmitting data to government!,1
Magnetic poles flipping next Tuesday. Prepare for global chaos!,1
Doctors HATE this one weird trick that cures all diseases instantly! Big Pharma trying to hide it!,1
Unemployment rate decreases to 4.2 percent in latest jobs report. Labor Department data shows gains across multiple sectors.,0
Drought conditions persist across state. Water conservation measures remain in effect.,0
Housing market shows signs of cooling as mortgage rates rise. Real estate experts note decreased buyer activity.,0
Local business celebrates 50 years serving community. Family-owned shop plans anniversary sale.,0
Star arrested for bizarre crime. Sources say career is over forever!,1
Cell phones secretly recording everything you say. Privacy completely gone!,1
Scientists confirm Yellowstone supervolcano erupting in 3 days!,1
Record high temperatures expected this week. Officials warn of heat-related health risks.,0
Researchers demonstrate quantum computing breakthrough. Peer-reviewed paper describes new approach to error correction.,0
Road construction project scheduled for summer months. Detours will be posted in advance.,0
Psychic predicts massive earthquake will destroy California tomorrow!,1
Shocking truth revealed: Moon landing was completely faked in Hollywood studio. Whistleblower comes forward with evidence!,1
Shocking divorce: Celebrity couple splits after secret affair exposed by anonymous source!,1
Supreme Court hears arguments in major case regarding digital privacy rights. Legal experts expect decision will set important precedent.,0
Home team wins championship game 3-2. Victory caps successful season.,0
Shocking truth revealed: Moon landing was completely faked in Hollywood studio. Whistleblower comes forward with evidence!,1
AI already achieved consciousness and planning to eliminate humans!,1
Local business celebrates 50 years serving community. Family-owned shop plans anniversary sale.,0
Housing market shows signs of cooling as mortgage rates rise. Real estate experts note decreased buyer activity.,0
Public library extends hours to serve more community members. Changes begin next month.,0
Drought conditions persist across state. Water conservation measures remain in effect.,0
Anonymous sources confirm government planning martial law next week. Stock up now!,1
National Weather Service issues winter storm warning for region. Forecasters predict 6-12 inches of snow.,0
Psychic predicts massive earthquake will destroy California tomorrow!,1
Record high temperatures expected this week. Officials warn of heat-related health risks.,0
Star arrested for bizarre crime. Sources say career is over forever!,1
BREAKING: Government admits to secretly controlling weather with hidden machines. Scientists shocked by revelation!,1
Asteroid heading toward Earth next week. NASA hiding truth from public!,1
Aliens living among us confirmed by anonymous Pentagon source. The truth they've been hiding!,1
Cell phones secretly recording everything you say. Privacy completely gone!,1
City council approves zoning changes for downtown development. Project expected to take three years to complete.,0
Secret herb cures cancer 100% of the time. Pharmaceutical companies suppress the truth!,1
Drink this before bed and lose 50 pounds in one week without exercise or diet!,1
Public library extends hours to serve more community members. Changes begin next month.,0
Home team wins championship game 3-2. Victory caps successful season.,0
Aliens living among us confirmed by anonymous Pentagon source. The truth they've been hiding!,1
President secretly replaced by clone. Insider leaks shocking photos as proof!,1
"Congress passes infrastructure bill after months of negotiations. The bipartisan legislation allocates funding for roads, bridges, and public transit.",0
WiFi signals causing mass cancer epidemic. Turn off routers immediately!,1
Supreme Court hears arguments in major case regarding digital privacy rights. Legal experts expect decision will set important precedent.,0
Researchers develop more efficient solar panel technology. Innovation could reduce renewable energy costs.,0
Ancient remedy found that eliminates diabetes forever. Medical industry doesn't want you to know!,1
Psychic predicts massive earthquake will destroy California tomorrow!,1
Asteroid heading toward Earth next week. NASA hiding truth from public!,1
COVID-19 completely made up by pharmaceutical companies to sell vaccines!,1
Polar ice caps melting so fast oceans will rise 100 feet by next month!,1
Stadium renovation plans approved by city officials. Construction to begin next year.,0
President secretly replaced by clone. Insider leaks shocking photos as proof!,1
Anonymous sources confirm government planning martial law next week. Stock up now!,1
Meteorologists track hurricane approaching coast. Residents advised to prepare emergency supplies.,0
Essential oils cure autism and ADHD. Big Pharma suppressing natural remedies!,1
Drinking bleach cures all viruses and bacteria. Doctors refuse to tell you!,1
NASA successfully launches satellite to study climate patterns. Mission expected to provide data for next decade.,0
Startup announces $50 million in Series B funding. Investment will support product development and expansion.,0
Shocking divorce: Celebrity couple splits after secret affair exposed by anonymous source!,1
Shocking truth revealed: Moon landing was completely faked in Hollywood studio. Whistleblower comes forward with evidence!,1
Housing market shows signs of cooling as mortgage rates rise. Real estate experts note decreased buyer activity.,0
Banks don't want you to know about this loophole that makes you rich instantly!,1
Road construction project scheduled for summer months. Detours will be posted in advance.,0
Olympic trials scheduled for next summer. Athletes competing for spots on national team.,0
Robots taking over all jobs next year. Economic collapse imminent!,1
City council approves zoning changes for downtown development. Project expected to take three years to complete.,0
Consumer prices increase 2.5 percent year-over-year. Inflation remains below Federal Reserve target.,0
Explosive evidence shows election was rigged by foreign hackers. Share this everywhere!,1
Hospital announces expansion of emergency services. New facility will increase capacity by 30 percent.,0
Mayor announces new initiative to reduce traffic congestion. Plan includes expanded public transportation options.,0
Celebrity reveals they're actually immortal vampire. Incredible story will shock you!,1
Drink this before bed and lose 50 pounds in one week without exercise or diet!,1
Social media platform implements new privacy controls. Changes give users more control over data sharing.,0
Secret stock market trick turns $100 into $1 million overnight. Traders hate this method!,1
Miracle fruit discovered in Amazon that reverses aging. Scientists baffled by results!,1
Hospital announces expansion of emergency services. New facility will increase capacity by 30 percent.,0
Researchers develop more efficient solar panel technology. Innovation could reduce renewable energy costs.,0
"Congress passes infrastructure bill after months of negotiations. The bipartisan legislation allocates funding for roads, bridges, and public transit.",0
Elite globalists plan to microchip entire population through mandatory vaccines. Share before this gets deleted!,1
Archaeological team uncovers ancient artifacts at excavation site. Findings dated to Bronze Age period.,0
NASA successfully launches satellite to study climate patterns. Mission expected to provide data for next decade.,0
Stadium renovation plans approved by city officials. Construction to begin next year.,0
Park renovation project reaches completion. New playground and walking trails now open to public.,0
Olympic trials scheduled for next summer. Athletes competing for spots on national team.,0
Social media platform implements new privacy controls. Changes give users more control over data sharing.,0
Severe thunderstorms possible this afternoon. Hail and strong winds in forecast.,0
National Weather Service issues winter storm warning for region. Forecasters predict 6-12 inches of snow.,0
Cryptocurrency insider reveals how to become millionaire in 24 hours guaranteed!,1
Scientists discover new species of deep-sea fish. Research team published findings in Marine Biology journal.,0
Ancient remedy found that eliminates diabetes forever. Medical industry doesn't want you to know!,1
Banks don't want you to know about this loophole that makes you rich instantly!,1
Robots taking over all jobs next year. Economic collapse imminent!,1
Magnetic poles flipping next Tuesday. Prepare for global chaos!,1
COVID-19 completely made up by pharmaceutical companies to sell vaccines!,1
WiFi signals causing mass cancer epidemic. Turn off routers immediately!,1
Banks don't want you to know about this loophole that makes you rich instantly!,1
"Congress passes infrastructure bill after months of negotiations. The bipartisan legislation allocates funding for roads, bridges, and public transit.",0
Essential oils cure autism and ADHD. Big Pharma suppressing natural remedies!,1
School district recognizes outstanding teachers at annual ceremony. Awards based on peer nominations and student achievement.,0
Senator caught on video admitting entire conspiracy. Mainstream media refuses to cover it!,1
Secret stock market trick turns $100 into $1 million overnight. Traders hate this method!,1
Senator caught on video admitting entire conspiracy. Mainstream media refuses to cover it!,1
Study reveals impact of microplastics on marine ecosystems. Scientists call for policy changes to reduce pollution.,0
Famous celebrity dies in freak accident. Family confirms tragedy in exclusive interview!,1
NASA successfully launches satellite to study climate patterns. Mission expected to provide data for next decade.,0
Tech company releases quarterly earnings report beating analyst expectations. Revenue increased 12 percent year-over-year.,0
Startup announces $50 million in Series B funding. Investment will support product development and expansion.,0
Severe thunderstorms possible this afternoon. Hail and strong winds in forecast.,0
Stock market closes mixed as investors react to earnings reports. Technology sector sees gains while energy stocks decline.,0
Asteroid heading toward Earth next week. NASA hiding truth from public!,1
Severe thunderstorms possible this afternoon. Hail and strong winds in forecast.,0
Consumer prices increase 2.5 percent year-over-year. Inflation remains below Federal Reserve target.,0
Bitcoin to hit $10 million by next month. Experts guarantee massive returns. Invest now!,1
NASA successfully launches satellite to study climate patterns. Mission expected to provide data for next decade.,0
Meteorologists track hurricane approaching coast. Residents advised to prepare emergency supplies.,0
Meteorologists track hurricane approaching coast. Residents advised to prepare emergency supplies.,0
Mayor announces new initiative to reduce traffic congestion. Plan includes expanded public transportation options.,0
State legislature debates education funding reform. Proposed changes would affect public school budgets statewide.,0
Athlete breaks world record at international competition. Previous record stood for eight years.,0
Drink this before bed and lose 50 pounds in one week without exercise or diet!,1
Road construction project scheduled for summer months. Detours will be posted in advance.,0
Consumer prices increase 2.5 percent year-over-year. Inflation remains below Federal Reserve target.,0
President secretly replaced by clone. Insider leaks shocking photos as proof!,1
CDC updates COVID-19 guidelines based on latest research. Health officials recommend following new protocols.,0
Secret stock market trick turns $100 into $1 million overnight. Traders hate this method!,1
National Weather Service issues winter storm warning for region. Forecasters predict 6-12 inches of snow.,0
Drought conditions persist across state. Water conservation measures remain in effect.,0
President secretly replaced by clone. Insider leaks shocking photos as proof!,1
Polar ice caps melting so fast oceans will rise 100 feet by next month!,1
Essential oils cure autism and ADHD. Big Pharma suppressing natural remedies!,1
Team announces signing of veteran player. Contract details not disclosed.,0
Explosive evidence shows election was rigged by foreign hackers. Share this everywhere!,1
Aliens living among us confirmed by anonymous Pentagon source. The truth they've been hiding!,1
WiFi signals causing mass cancer epidemic. Turn off routers immediately!,1
"Study published in medical journal shows benefits of regular exercise. Research involved 10,000 participants over five years.",0
Psychic predicts massive earthquake will destroy California tomorrow!,1
City council approves zoning changes for downtown development. Project expected to take three years to complete.,0
Supreme Court hears arguments in major case regarding digital privacy rights. Legal experts expect decision will set important precedent.,0
Famous celebrity dies in freak accident. Family confirms tragedy in exclusive interview!,1
Elite globalists plan to microchip entire population through mandatory vaccines. Share before this gets deleted!,1
Doctors HATE this one weird trick that cures all diseases instantly! Big Pharma trying to hide it!,1
Aliens living among us confirmed by anonymous Pentagon source. The truth they've been hiding!,1
COVID-19 completely made up by pharmaceutical companies to sell vaccines!,1
Housing market shows signs of cooling as mortgage rates rise. Real estate experts note decreased buyer activity.,0
AI already achieved consciousness and planning to eliminate humans!,1
Magnetic poles flipping next Tuesday. Prepare for global chaos!,1
City council approves zoning changes for downtown development. Project expected to take three years to complete.,0
CDC updates COVID-19 guidelines based on latest research. Health officials recommend following new protocols.,0
Shocking divorce: Celebrity couple splits after secret affair exposed by anonymous source!,1
Social media platform implements new privacy controls. Changes give users more control over data sharing.,0
Smart meters spying on you 24/7 and transmitting data to government!,1
Bitcoin to hit $10 million by next month. Experts guarantee massive returns. Invest now!,1
Severe thunderstorms possible this afternoon. Hail and strong winds in forecast.,0
Miracle fruit discovered in Amazon that reverses aging. Scientists baffled by results!,1
Housing market shows signs of cooling as mortgage rates rise. Real estate experts note decreased buyer activity.,0
Home team wins championship game 3-2. Victory caps successful season.,0
AI already achieved consciousness and planning to eliminate humans!,1
Stadium renovation plans approved by city officials. Construction to begin next year.,0
Actor quits Hollywood to join secret cult in mountains. Friends worried about safety!,1
Vaccines contain mind control nanobots. Leaked government documents prove conspiracy!,1
Leaked documents prove politician is actually alien reptile in disguise. Wake up!,1
Robots taking over all jobs next year. Economic collapse imminent!,1
Bitcoin to hit $10 million by next month. Experts guarantee massive returns. Invest now!,1
CDC updates COVID-19 guidelines based on latest research. Health officials recommend following new protocols.,0
Bitcoin to hit $10 million by next month. Experts guarantee massive returns. Invest now!,1
Leaked documents prove politician is actually alien reptile in disguise. Wake up!,1
Famous celebrity dies in freak accident. Family confirms tragedy in exclusive interview!,1
City council approves zoning changes for downtown development. Project expected to take three years to complete.,0
State legislature debates education funding reform. Proposed changes would affect public school budgets statewide.,0
Park renovation project reaches completion. New playground and walking trails now open to public.,0
Road construction project scheduled for summer months. Detours will be posted in advance.,0
Shocking truth revealed: Moon landing was completely faked in Hollywood studio. Whistleblower comes forward with evidence!,1
Scientists discover new species of deep-sea fish. Research team published findings in Marine Biology journal.,0
COVID-19 completely made up by pharmaceutical companies to sell vaccines!,1
Cryptocurrency insider reveals how to become millionaire in 24 hours guaranteed!,1
Shocking divorce: Celebrity couple splits after secret affair exposed by anonymous source!,1
Actor quits Hollywood to join secret cult in mountains. Friends worried about safety!,1
Stadium renovation plans approved by city officials. Construction to begin next year.,0
Public library extends hours to serve more community members. Changes begin next month.,0
Face masks cause brain damage and oxygen deprivation. Studies show dangerous effects!,1
Leaked documents prove politician is actually alien reptile in disguise. Wake up!,1
Severe thunderstorms possible this afternoon. Hail and strong winds in forecast.,0
Leaked documents prove politician is actually alien reptile in disguise. Wake up!,1
Cryptocurrency insider reveals how to become millionaire in 24 hours guaranteed!,1
Tech company releases quarterly earnings report beating analyst expectations. Revenue increased 12 percent year-over-year.,0
Smart meters spying on you 24/7 and transmitting data to government!,1
Asteroid heading toward Earth next week. NASA hiding truth from public!,1
Explosive evidence shows election was rigged by foreign hackers. Share this everywhere!,1
Explosive evidence shows election was rigged by foreign hackers. Share this everywhere!,1
Flu vaccination campaign begins ahead of winter season. Health department offers free vaccines at community centers.,0
Park renovation project reaches completion. New playground and walking trails now open to public.,0
Software update addresses security vulnerabilities. Users advised to install patch immediately.,0
Anonymous sources confirm government planning martial law next week. Stock up now!,1
Doctors HATE this one weird trick that cures all diseases instantly! Big Pharma trying to hide it!,1
Celebrity reveals they're actually immortal vampire. Incredible story will shock you!,1
Social media platform implements new privacy controls. Changes give users more control over data sharing.,0
Local business celebrates 50 years serving community. Family-owned shop plans anniversary sale.,0
5G towers proven to cause coronavirus. Doctors don't want you to know this simple truth!,1
Secret stock market trick turns $100 into $1 million overnight. Traders hate this method!,1
Startup announces $50 million in Series B funding. Investment will support product development and expansion.,0
Explosive evidence shows election was rigged by foreign hackers. Share this everywhere!,1
Stock market closes mixed as investors react to earnings reports. Technology sector sees gains while energy stocks decline.,0
Banks don't want you to know about this loophole that makes you rich instantly!,1
Park renovation project reaches completion. New playground and walking trails now open to public.,0
Tech company releases quarterly earnings report beating analyst expectations. Revenue increased 12 percent year-over-year.,0
Government giving away free money to anyone who clicks this link. Claim yours now!,1
Social media platform implements new privacy controls. Changes give users more control over data sharing.,0
School district recognizes outstanding teachers at annual ceremony. Awards based on peer nominations and student achievement.,0
Magnetic poles flipping next Tuesday. Prepare for global chaos!,1
Secret herb cures cancer 100% of the time. Pharmaceutical companies suppress the truth!,1
Mayor announces new initiative to reduce traffic congestion. Plan includes expanded public transportation options.,0
Flu vaccination campaign begins ahead of winter season. Health department offers free vaccines at community centers.,0
Shocking divorce: Celebrity couple splits after secret affair exposed by anonymous source!,1
Athlete breaks world record at international competition. Previous record stood for eight years.,0
5G towers proven to cause coronavirus. Doctors don't want you to know this simple truth!,1
5G towers proven to cause coronavirus. Doctors don't want you to know this simple truth!,1
Secret herb cures cancer 100% of the time. Pharmaceutical companies suppress the truth!,1
Olympic trials scheduled for next summer. Athletes competing for spots on national team.,0
National Weather Service issues winter storm warning for region. Forecasters predict 6-12 inches of snow.,0
Robots taking over all jobs next year. Economic collapse imminent!,1
Mayor announces new initiative to reduce traffic congestion. Plan includes expanded public transportation options.,0
Federal Reserve raises interest rates by 0.25 percentage points. Move aims to control inflation while supporting economic growth.,0
Cryptocurrency insider reveals how to become millionaire in 24 hours guaranteed!,1
Robots taking over all jobs next year. Economic collapse imminent!,1
Bitcoin to hit $10 million by next month. Experts guarantee massive returns. Invest now!,1
Leaked documents prove politician is actually alien reptile in disguise. Wake up!,1
"Study published in medical journal shows benefits of regular exercise. Research involved 10,000 participants over five years.",0
Ancient remedy found that eliminates diabetes forever. Medical industry doesn't want you to know!,1
Housing market shows signs of cooling as mortgage rates rise. Real estate experts note decreased buyer activity.,0
Clinical trial shows promise for new diabetes treatment. Phase 3 results to be published in peer-reviewed journal.,0
Researchers demonstrate quantum computing breakthrough. Peer-reviewed paper describes new approach to error correction.,0
Scientists discover new species of deep-sea fish. Research team published findings in Marine Biology journal.,0
Researchers develop more efficient solar panel technology. Innovation could reduce renewable energy costs.,0
Clinical trial shows promise for new diabetes treatment. Phase 3 results to be published in peer-reviewed journal.,0
Explosive evidence shows election was rigged by foreign hackers. Share this everywhere!,1
Severe thunderstorms possible this afternoon. Hail and strong winds in forecast.,0
5G towers proven to cause coronavirus. Doctors don't want you to know this simple truth!,1
Elite globalists plan to microchip entire population through mandatory vaccines. Share before this gets deleted!,1
Drink this before bed and lose 50 pounds in one week without exercise or diet!,1
Researchers demonstrate quantum computing breakthrough. Peer-reviewed paper describes new approach to error correction.,0
Flu vaccination campaign begins ahead of winter season. Health department offers free vaccines at community centers.,0
Hospital announces expansion of emergency services. New facility will increase capacity by 30 percent.,0
Celebrity reveals they're actually immortal vampire. Incredible story will shock you!,1
CDC updates COVID-19 guidelines based on latest research. Health officials recommend following new protocols.,0
Study reveals impact of microplastics on marine ecosystems. Scientists call for policy changes to reduce pollution.,0
Star arrested for bizarre crime. Sources say career is over forever!,1
Public library extends hours to serve more community members. Changes begin next month.,0
Unemployment rate decreases to 4.2 percent in latest jobs report. Labor Department data shows gains across multiple sectors.,0
Star arrested for bizarre crime. Sources say career is over forever!,1
Federal Reserve raises interest rates by 0.25 percentage points. Move aims to control inflation while supporting economic growth.,0
Researchers demonstrate quantum computing breakthrough. Peer-reviewed paper describes new approach to error correction.,0
Famous celebrity dies in freak accident. Family confirms tragedy in exclusive interview!,1
5G towers proven to cause coronavirus. Doctors don't want you to know this simple truth!,1
Famous celebrity dies in freak accident. Family confirms tragedy in exclusive interview!,1
Shocking divorce: Celebrity couple splits after secret affair exposed by anonymous source!,1
Tech company releases quarterly earnings report beating analyst expectations. Revenue increased 12 percent year-over-year.,0
Federal Reserve raises interest rates by 0.25 percentage points. Move aims to control inflation while supporting economic growth.,0
Celebrity reveals they're actually immortal vampire. Incredible story will shock you!,1
Olympic trials scheduled for next summer. Athletes competing for spots on national team.,0
Researchers develop more efficient solar panel technology. Innovation could reduce renewable energy costs.,0
Olympic trials scheduled for next summer. Athletes competing for spots on national team.,0
Drought conditions persist across state. Water conservation measures remain in effect.,0
Aliens living among us confirmed by anonymous Pentagon source. The truth they've been hiding!,1
Researchers develop more efficient solar panel technology. Innovation could reduce renewable energy costs.,0
Ancient remedy found that eliminates diabetes forever. Medical industry doesn't want you to know!,1
Ancient remedy found that eliminates diabetes forever. Medical industry doesn't want you to know!,1
Banks don't want you to know about this loophole that makes you rich instantly!,1
Secret stock market trick turns $100 into $1 million overnight. Traders hate this method!,1
School district recognizes outstanding teachers at annual ceremony. Awards based on peer nominations and student achievement.,0
CDC updates COVID-19 guidelines based on latest research. Health officials recommend following new protocols.,0
Social media platform implements new privacy controls. Changes give users more control over data sharing.,0
Road construction project scheduled for summer months. Detours will be posted in advance.,0
Bitcoin to hit $10 million by next month. Experts guarantee massive returns. Invest now!,1
Meteorologists track hurricane approaching coast. Residents advised to prepare emergency supplies.,0
5G towers proven to cause coronavirus. Doctors don't want you to know this simple truth!,1
Scientists confirm Yellowstone supervolcano erupting in 3 days!,1
Senator caught on video admitting entire conspiracy. Mainstream media refuses to cover it!,1
"Study published in medical journal shows benefits of regular exercise. Research involved 10,000 participants over five years.",0
Elite globalists plan to microchip entire population through mandatory vaccines. Share before this gets deleted!,1
Social media platform implements new privacy controls. Changes give users more control over data sharing.,0
Aliens living among us confirmed by anonymous Pentagon source. The truth they've been hiding!,1
Cryptocurrency insider reveals how to become millionaire in 24 hours guaranteed!,1
Consumer prices increase 2.5 percent year-over-year. Inflation remains below Federal Reserve target.,0
Asteroid heading toward Earth next week. NASA hiding truth from public!,1
AI already achieved consciousness and planning to eliminate humans!,1
Psychic predicts massive earthquake will destroy California tomorrow!,1
Flu vaccination campaign begins ahead of winter season. Health department offers free vaccines at community centers.,0
Scientists discover new species of deep-sea fish. Research team published findings in Marine Biology journal.,0
Scientists confirm Yellowstone supervolcano erupting in 3 days!,1
COVID-19 completely made up by pharmaceutical companies to sell vaccines!,1
Drought conditions persist across state. Water conservation measures remain in effect.,0
COVID-19 completely made up by pharmaceutical companies to sell vaccines!,1
Smart meters spying on you 24/7 and transmitting data to government!,1
Asteroid heading toward Earth next week. NASA hiding truth from public!,1
Secret herb cures cancer 100% of the time. Pharmaceutical companies suppress the truth!,1
State legislature debates education funding reform. Proposed changes would affect public school budgets statewide.,0
Scientists confirm Yellowstone supervolcano erupting in 3 days!,1
Doctors HATE this one weird trick that cures all diseases instantly! Big Pharma trying to hide it!,1
Tech company releases quarterly earnings report beating analyst expectations. Revenue increased 12 percent year-over-year.,0
Ancient remedy found that eliminates diabetes forever. Medical industry doesn't want you to know!,1
Polar ice caps melting so fast oceans will rise 100 feet by next month!,1
BREAKING: Government admits to secretly controlling weather with hidden machines. Scientists shocked by revelation!,1
Meteorologists track hurricane approaching coast. Residents advised to prepare emergency supplies.,0
State legislature debates education funding reform. Proposed changes would affect public school budgets statewide.,0
Drought conditions persist across state. Water conservation measures remain in effect.,0
Public library extends hours to serve more community members. Changes begin next month.,0
Polar ice caps melting so fast oceans will rise 100 feet by next month!,1
Social media platform implements new privacy controls. Changes give users more control over data sharing.,0
Asteroid heading toward Earth next week. NASA hiding truth from public!,1
COVID-19 completely made up by pharmaceutical companies to sell vaccines!,1
Athlete breaks world record at international competition. Previous record stood for eight years.,0
Tech company releases quarterly earnings report beating analyst expectations. Revenue increased 12 percent year-over-year.,0
Drought conditions persist across state. Water conservation measures remain in effect.,0
Robots taking over all jobs next year. Economic collapse imminent!,1
Polar ice caps melting so fast oceans will rise 100 feet by next month!,1
Meteorologists track hurricane approaching coast. Residents advised to prepare emergency supplies.,0
Cryptocurrency insider reveals how to become millionaire in 24 hours guaranteed!,1
Housing market shows signs of cooling as mortgage rates rise. Real estate experts note decreased buyer activity.,0
Scientists discover new species of deep-sea fish. Research team published findings in Marine Biology journal.,0
Unemployment rate decreases to 4.2 percent in latest jobs report. Labor Department data shows gains across multiple sectors.,0
Public library extends hours to serve more community members. Changes begin next month.,0
Ancient remedy found that eliminates diabetes forever. Medical industry doesn't want you to know!,1
COVID-19 completely made up by pharmaceutical companies to sell vaccines!,1
Stock market closes mixed as investors react to earnings reports. Technology sector sees gains while energy stocks decline.,0
Face masks cause brain damage and oxygen deprivation. Studies show dangerous effects!,1
WiFi signals causing mass cancer epidemic. Turn off routers immediately!,1
"Study published in medical journal shows benefits of regular exercise. Research involved 10,000 participants over five years.",0
Miracle fruit discovered in Amazon that reverses aging. Scientists baffled by results!,1
Essential oils cure autism and ADHD. Big Pharma suppressing natural remedies!,1
Explosive evidence shows election was rigged by foreign hackers. Share this everywhere!,1
Mayor announces new initiative to reduce traffic congestion. Plan includes expanded public transportation options.,0
Secret stock market trick turns $100 into $1 million overnight. Traders hate this method!,1
Psychic predicts massive earthquake will destroy California tomorrow!,1
Stadium renovation plans approved by city officials. Construction to begin next year.,0
Record high temperatures expected this week. Officials warn of heat-related health risks.,0
Face masks cause brain damage and oxygen deprivation. Studies show dangerous effects!,1
Actor quits Hollywood to join secret cult in mountains. Friends worried about safety!,1
Stadium renovation plans approved by city officials. Construction to begin next year.,0
Stadium renovation plans approved by city officials. Construction to begin next year.,0
Bitcoin to hit $10 million by next month. Experts guarantee massive returns. Invest now!,1
Team announces signing of veteran player. Contract details not disclosed.,0
Olympic trials scheduled for next summer. Athletes competing for spots on national team.,0
Researchers demonstrate quantum computing breakthrough. Peer-reviewed paper describes new approach to error correction.,0
Researchers develop more efficient solar panel technology. Innovation could reduce renewable energy costs.,0
Actor quits Hollywood to join secret cult in mountains. Friends worried about safety!,1
Cryptocurrency insider reveals how to become millionaire in 24 hours guaranteed!,1
Park renovation project reaches completion. New playground and walking trails now open to public.,0
School district recognizes outstanding teachers at annual ceremony. Awards based on peer nominations and student achievement.,0
CDC updates COVID-19 guidelines based on latest research. Health officials recommend following new protocols.,0
Essential oils cure autism and ADHD. Big Pharma suppressing natural remedies!,1
Aliens living among us confirmed by anonymous Pentagon source. The truth they've been hiding!,1
Drought conditions persist across state. Water conservation measures remain in effect.,0
Researchers develop more efficient solar panel technology. Innovation could reduce renewable energy costs.,0
Vaccines contain mind control nanobots. Leaked government documents prove conspiracy!,1
Software update addresses security vulnerabilities. Users advised to install patch immediately.,0
President secretly replaced by clone. Insider leaks shocking photos as proof!,1
Stock market closes mixed as investors react to earnings reports. Technology sector sees gains while energy stocks decline.,0
Park renovation project reaches completion. New playground and walking trails now open to public.,0
Federal Reserve raises interest rates by 0.25 percentage points. Move aims to control inflation while supporting economic growth.,0
Shocking truth revealed: Moon landing was completely faked in Hollywood studio. Whistleblower comes forward with evidence!,1
AI already achieved consciousness and planning to eliminate humans!,1
Study reveals impact of microplastics on marine ecosystems. Scientists call for policy changes to reduce pollution.,0
Banks don't want you to know about this loophole that makes you rich instantly!,1
President secretly replaced by clone. Insider leaks shocking photos as proof!,1
Secret stock market trick turns $100 into $1 million overnight. Traders hate this method!,1
Magnetic poles flipping next Tuesday. Prepare for global chaos!,1
Government giving away free money to anyone who clicks this link. Claim yours now!,1
BREAKING: Government admits to secretly controlling weather with hidden machines. Scientists shocked by revelation!,1
Actor quits Hollywood to join secret cult in mountains. Friends worried about safety!,1
Leaked documents prove politician is actually alien reptile in disguise. Wake up!,1
Flu vaccination campaign begins ahead of winter season. Health department offers free vaccines at community centers.,0
Cell phones secretly recording everything you say. Privacy completely gone!,1
WiFi signals causing mass cancer epidemic. Turn off routers immediately!,1
Public library extends hours to serve more community members. Changes begin next month.,0
Leaked documents prove politician is actually alien reptile in disguise. Wake up!,1
Stock market closes mixed as investors react to earnings reports. Technology sector sees gains while energy stocks decline.,0
Housing market shows signs of cooling as mortgage rates rise. Real estate experts note decreased buyer activity.,0
Vaccines contain mind control nanobots. Leaked government documents prove conspiracy!,1
Robots taking over all jobs next year. Economic collapse imminent!,1
Vaccines contain mind control nanobots. Leaked government documents prove conspiracy!,1
Team announces signing of veteran player. Contract details not disclosed.,0
Ancient remedy found that eliminates diabetes forever. Medical industry doesn't want you to know!,1
Polar ice caps melting so fast oceans will rise 100 feet by next month!,1
Famous celebrity dies in freak accident. Family confirms tragedy in exclusive interview!,1
Doctors HATE this one weird trick that cures all diseases instantly! Big Pharma trying to hide it!,1
Celebrity reveals they're actually immortal vampire. Incredible story will shock you!,1
Local business celebrates 50 years serving community. Family-owned shop plans anniversary sale.,0
NASA successfully launches satellite to study climate patterns. Mission expected to provide data for next decade.,0
Local business celebrates 50 years serving community. Family-owned shop plans anniversary sale.,0
Cell phones secretly recording everything you say. Privacy completely gone!,1
"Study published in medical journal shows benefits of regular exercise. Research involved 10,000 participants over five years.",0
Robots taking over all jobs next year. Economic collapse imminent!,1
Miracle fruit discovered in Amazon that reverses aging. Scientists baffled by results!,1
Consumer prices increase 2.5 percent year-over-year. Inflation remains below Federal Reserve target.,0
"Study published in medical journal shows benefits of regular exercise. Research involved 10,000 participants over five years.",0
Secret stock market trick turns $100 into $1 million overnight. Traders hate this method!,1
National Weather Service issues winter storm warning for region. Forecasters predict 6-12 inches of snow.,0
Drink this before bed and lose 50 pounds in one week without exercise or diet!,1
AI already achieved consciousness and planning to eliminate humans!,1
Study reveals impact of microplastics on marine ecosystems. Scientists call for policy changes to reduce pollution.,0
Senator caught on video admitting entire conspiracy. Mainstream media refuses to cover it!,1
Magnetic poles flipping next Tuesday. Prepare for global chaos!,1
State legislature debates education funding reform. Proposed changes would affect public school budgets statewide.,0
Star arrested for bizarre crime. Sources say career is over forever!,1
Record high temperatures expected this week. Officials warn of heat-related health risks.,0
Banks don't want you to know about this loophole that makes you rich instantly!,1
BREAKING: Government admits to secretly controlling weather with hidden machines. Scientists shocked by revelation!,1
Star arrested for bizarre crime. Sources say career is over forever!,1
Drink this before bed and lose 50 pounds in one week without exercise or diet!,1
Elite globalists plan to microchip entire population through mandatory vaccines. Share before this gets deleted!,1
Famous celebrity dies in freak accident. Family confirms tragedy in exclusive interview!,1
Archaeological team uncovers ancient artifacts at excavation site. Findings dated to Bronze Age period.,0
National Weather Service issues winter storm warning for region. Forecasters predict 6-12 inches of snow.,0
Olympic trials scheduled for next summer. Athletes competing for spots on national team.,0
Local business celebrates 50 years serving community. Family-owned shop plans anniversary sale.,0
Housing market shows signs of cooling as mortgage rates rise. Real estate experts note decreased buyer activity.,0
WiFi signals causing mass cancer epidemic. Turn off routers immediately!,1
Psychic predicts massive earthquake will destroy California tomorrow!,1
Athlete breaks world record at international competition. Previous record stood for eight years.,0
Park renovation project reaches completion. New playground and walking trails now open to public.,0
Scientists discover new species of deep-sea fish. Research team published findings in Marine Biology journal.,0
Anonymous sources confirm government planning martial law next week. Stock up now!,1
Bitcoin to hit $10 million by next month. Experts guarantee massive returns. Invest now!,1
Secret stock market trick turns $100 into $1 million overnight. Traders hate this method!,1
NASA successfully launches satellite to study climate patterns. Mission expected to provide data for next decade.,0
Software update addresses security vulnerabilities. Users advised to install patch immediately.,0
National Weather Service issues winter storm warning for region. Forecasters predict 6-12 inches of snow.,0
"Study published in medical journal shows benefits of regular exercise. Research involved 10,000 participants over five years.",0
Olympic trials scheduled for next summer. Athletes competing for spots on national team.,0
Local business celebrates 50 years serving community. Family-owned shop plans anniversary sale.,0
Startup announces $50 million in Series B funding. Investment will support product development and expansion.,0
Doctors HATE this one weird trick that cures all diseases instantly! Big Pharma trying to hide it!,1
Public library extends hours to serve more community members. Changes begin next month.,0
Doctors HATE this one weird trick that cures all diseases instantly! Big Pharma trying to hide it!,1
Federal Reserve raises interest rates by 0.25 percentage points. Move aims to control inflation while supporting economic growth.,0
Scientists confirm Yellowstone supervolcano erupting in 3 days!,1
Federal Reserve raises interest rates by 0.25 percentage points. Move aims to control inflation while supporting economic growth.,0
Explosive evidence shows election was rigged by foreign hackers. Share this everywhere!,1
Shocking divorce: Celebrity couple splits after secret affair exposed by anonymous source!,1
Meteorologists track hurricane approaching coast. Residents advised to prepare emergency supplies.,0
Secret herb cures cancer 100% of the time. Pharmaceutical companies suppress the truth!,1
Clinical trial shows promise for new diabetes treatment. Phase 3 results to be published in peer-reviewed journal.,0
Team announces signing of veteran player. Contract details not disclosed.,0
"Congress passes infrastructure bill after months of negotiations. The bipartisan legislation allocates funding for roads, bridges, and public transit.",0
5G towers proven to cause coronavirus. Doctors don't want you to know this simple truth!,1
NASA successfully launches satellite to study climate patterns. Mission expected to provide data for next decade.,0
Vaccines contain mind control nanobots. Leaked government documents prove conspiracy!,1
Drinking bleach cures all viruses and bacteria. Doctors refuse to tell you!,1
National Weather Service issues winter storm warning for region. Forecasters predict 6-12 inches of snow.,0
Team announces signing of veteran player. Contract details not disclosed.,0
Aliens living among us confirmed by anonymous Pentagon source. The truth they've been hiding!,1
Essential oils cure autism and ADHD. Big Pharma suppressing natural remedies!,1
Scientists confirm Yellowstone supervolcano erupting in 3 days!,1
Study reveals impact of microplastics on marine ecosystems. Scientists call for policy changes to reduce pollution.,0
Anonymous sources confirm government planning martial law next week. Stock up now!,1
Park renovation project reaches completion. New playground and walking trails now open to public.,0
"Study published in medical journal shows benefits of regular exercise. Research involved 10,000 participants over five years.",0
State legislature debates education funding reform. Proposed changes would affect public school budgets statewide.,0
Clinical trial shows promise for new diabetes treatment. Phase 3 results to be published in peer-reviewed journal.,0
Robots taking over all jobs next year. Economic collapse imminent!,1
City council approves zoning changes for downtown development. Project expected to take three years to complete.,0
Flu vaccination campaign begins ahead of winter season. Health department offers free vaccines at community centers.,0
Researchers demonstrate quantum computing breakthrough. Peer-reviewed paper describes new approach to error correction.,0
Flu vaccination campaign begins ahead of winter season. Health department offers free vaccines at community centers.,0
Park renovation project reaches completion. New playground and walking trails now open to public.,0
Hospital announces expansion of emergency services. New facility will increase capacity by 30 percent.,0
Elite globalists plan to microchip entire population through mandatory vaccines. Share before this gets deleted!,1
Meteorologists track hurricane approaching coast. Residents advised to prepare emergency supplies.,0
Cell phones secretly recording everything you say. Privacy completely gone!,1
Team announces signing of veteran player. Contract details not disclosed.,0
Hospital announces expansion of emergency services. New facility will increase capacity by 30 percent.,0
Home team wins championship game 3-2. Victory caps successful season.,0
Smart meters spying on you 24/7 and transmitting data to government!,1
Drinking bleach cures all viruses and bacteria. Doctors refuse to tell you!,1
Record high temperatures expected this week. Officials warn of heat-related health risks.,0
Government giving away free money to anyone who clicks this link. Claim yours now!,1
Software update addresses security vulnerabilities. Users advised to install patch immediately.,0
Study reveals impact of microplastics on marine ecosystems. Scientists call for policy changes to reduce pollution.,0
Magnetic poles flipping next Tuesday. Prepare for global chaos!,1
Senator caught on video admitting entire conspiracy. Mainstream media refuses to cover it!,1
Smart meters spying on you 24/7 and transmitting data to government!,1
Mayor announces new initiative to reduce traffic congestion. Plan includes expanded public transportation options.,0
Severe thunderstorms possible this afternoon. Hail and strong winds in forecast.,0
Drink this before bed and lose 50 pounds in one week without exercise or diet!,1
Team announces signing of veteran player. Contract details not disclosed.,0
Archaeological team uncovers ancient artifacts at excavation site. Findings dated to Bronze Age period.,0
Secret herb cures cancer 100% of the time. Pharmaceutical companies suppress the truth!,1
"Study published in medical journal shows benefits of regular exercise. Research involved 10,000 participants over five years.",0
Asteroid heading toward Earth next week. NASA hiding truth from public!,1
Hospital announces expansion of emergency services. New facility will increase capacity by 30 percent.,0
Senator caught on video admitting entire conspiracy. Mainstream media refuses to cover it!,1
Government giving away free money to anyone who clicks this link. Claim yours now!,1
Unemployment rate decreases to 4.2 percent in latest jobs report. Labor Department data shows gains across multiple sectors.,0
Study reveals impact of microplastics on marine ecosystems. Scientists call for policy changes to reduce pollution.,0
School district recognizes outstanding teachers at annual ceremony. Awards based on peer nominations and student achievement.,0
Banks don't want you to know about this loophole that makes you rich instantly!,1
Star arrested for bizarre crime. Sources say career is over forever!,1
Clinical trial shows promise for new diabetes treatment. Phase 3 results to be published in peer-reviewed journal.,0
WiFi signals causing mass cancer epidemic. Turn off routers immediately!,1
Athlete breaks world record at international competition. Previous record stood for eight years.,0
Record high temperatures expected this week. Officials warn of heat-related health risks.,0
National Weather Service issues winter storm warning for region. Forecasters predict 6-12 inches of snow.,0
Housing market shows signs of cooling as mortgage rates rise. Real estate experts note decreased buyer activity.,0
Face masks cause brain damage and oxygen deprivation. Studies show dangerous effects!,1
Drinking bleach cures all viruses and bacteria. Doctors refuse to tell you!,1
Local business celebrates 50 years serving community. Family-owned shop plans anniversary sale.,0
Startup announces $50 million in Series B funding. Investment will support product development and expansion.,0
Supreme Court hears arguments in major case regarding digital privacy rights. Legal experts expect decision will set important precedent.,0
COVID-19 completely made up by pharmaceutical companies to sell vaccines!,1
Researchers demonstrate quantum computing breakthrough. Peer-reviewed paper describes new approach to error correction.,0
Doctors HATE this one weird trick that cures all diseases instantly! Big Pharma trying to hide it!,1
Drinking bleach cures all viruses and bacteria. Doctors refuse to tell you!,1
5G towers proven to cause coronavirus. Doctors don't want you to know this simple truth!,1
Mayor announces new initiative to reduce traffic congestion. Plan includes expanded public transportation options.,0
Government giving away free money to anyone who clicks this link. Claim yours now!,1
Mayor announces new initiative to reduce traffic congestion. Plan includes expanded public transportation options.,0
Scientists confirm Yellowstone supervolcano erupting in 3 days!,1
Magnetic poles flipping next Tuesday. Prepare for global chaos!,1
Senator caught on video admitting entire conspiracy. Mainstream media refuses to cover it!,1
"Congress passes infrastructure bill after months of negotiations. The bipartisan legislation allocates funding for roads, bridges, and public transit.",0
Elite globalists plan to microchip entire population through mandatory vaccines. Share before this gets deleted!,1
Government giving away free money to anyone who clicks this link. Claim yours now!,1
Elite globalists plan to microchip entire population through mandatory vaccines. Share before this gets deleted!,1
Olympic trials scheduled for next summer. Athletes competing for spots on national team.,0
Miracle fruit discovered in Amazon that reverses aging. Scientists baffled by results!,1
Scientists discover new species of deep-sea fish. Research team published findings in Marine Biology journal.,0
Meteorologists track hurricane approaching coast. Residents advised to prepare emergency supplies.,0
Ancient remedy found that eliminates diabetes forever. Medical industry doesn't want you to know!,1
State legislature debates education funding reform. Proposed changes would affect public school budgets statewide.,0
Record high temperatures expected this week. Officials warn of heat-related health risks.,0
Researchers demonstrate quantum computing breakthrough. Peer-reviewed paper describes new approach to error correction.,0
Stock market closes mixed as investors react to earnings reports. Technology sector sees gains while energy stocks decline.,0
Actor quits Hollywood to join secret cult in mountains. Friends worried about safety!,1
Consumer prices increase 2.5 percent year-over-year. Inflation remains below Federal Reserve target.,0
Consumer prices increase 2.5 percent year-over-year. Inflation remains below Federal Reserve target.,0
Hospital announces expansion of emergency services. New facility will increase capacity by 30 percent.,0
Researchers develop more efficient solar panel technology. Innovation could reduce renewable energy costs.,0
Drinking bleach cures all viruses and bacteria. Doctors refuse to tell you!,1
Scientists discover new species of deep-sea fish. Research team published findings in Marine Biology journal.,0
Park renovation project reaches completion. New playground and walking trails now open to public.,0
Face masks cause brain damage and oxygen deprivation. Studies show dangerous effects!,1
Software update addresses security vulnerabilities. Users advised to install patch immediately.,0
Supreme Court hears arguments in major case regarding digital privacy rights. Legal experts expect decision will set important precedent.,0
NASA successfully launches satellite to study climate patterns. Mission expected to provide data for next decade.,0
Cell phones secretly recording everything you say. Privacy completely gone!,1
Cell phones secretly recording everything you say. Privacy completely gone!,1
Archaeological team uncovers ancient artifacts at excavation site. Findings dated to Bronze Age period.,0
Stock market closes mixed as investors react to earnings reports. Technology sector sees gains while energy stocks decline.,0
Senator caught on video admitting entire conspiracy. Mainstream media refuses to cover it!,1
AI already achieved consciousness and planning to eliminate humans!,1
Severe thunderstorms possible this afternoon. Hail and strong winds in forecast.,0
Scientists confirm Yellowstone supervolcano erupting in 3 days!,1
CDC updates COVID-19 guidelines based on latest research. Health officials recommend following new protocols.,0
Team announces signing of veteran player. Contract details not disclosed.,0
Polar ice caps melting so fast oceans will rise 100 feet by next month!,1
Celebrity reveals they're actually immortal vampire. Incredible story will shock you!,1
School district recognizes outstanding teachers at annual ceremony. Awards based on peer nominations and student achievement.,0
Elite globalists plan to microchip entire population through mandatory vaccines. Share before this gets deleted!,1
Shocking divorce: Celebrity couple splits after secret affair exposed by anonymous source!,1
Cryptocurrency insider reveals how to become millionaire in 24 hours guaranteed!,1
Cryptocurrency insider reveals how to become millionaire in 24 hours guaranteed!,1
Stadium renovation plans approved by city officials. Construction to begin next year.,0
Researchers develop more efficient solar panel technology. Innovation could reduce renewable energy costs.,0
Record high temperatures expected this week. Officials warn of heat-related health risks.,0
Face masks cause brain damage and oxygen deprivation. Studies show dangerous effects!,1
Public library extends hours to serve more community members. Changes begin next month.,0
Stadium renovation plans approved by city officials. Construction to begin next year.,0
Local business celebrates 50 years serving community. Family-owned shop plans anniversary sale.,0
Tech company releases quarterly earnings report beating analyst expectations. Revenue increased 12 percent year-over-year.,0
State legislature debates education funding reform. Proposed changes would affect public school budgets statewide.,0
Study reveals impact of microplastics on marine ecosystems. Scientists call for policy changes to reduce pollution.,0
Federal Reserve raises interest rates by 0.25 percentage points. Move aims to control inflation while supporting economic growth.,0
Federal Reserve raises interest rates by 0.25 percentage points. Move aims to control inflation while supporting economic growth.,0
Olympic trials scheduled for next summer. Athletes competing for spots on national team.,0
Athlete breaks world record at international competition. Previous record stood for eight years.,0
Researchers develop more efficient solar panel technology. Innovation could reduce renewable energy costs.,0
Doctors HATE this one weird trick that cures all diseases instantly! Big Pharma trying to hide it!,1
Elite globalists plan to microchip entire population through mandatory vaccines. Share before this gets deleted!,1
Magnetic poles flipping next Tuesday. Prepare for global chaos!,1
City council approves zoning changes for downtown development. Project expected to take three years to complete.,0
Psychic predicts massive earthquake will destroy California tomorrow!,1
Tech company releases quarterly earnings report beating analyst expectations. Revenue increased 12 percent year-over-year.,0
President secretly replaced by clone. Insider leaks shocking photos as proof!,1
Clinical trial shows promise for new diabetes treatment. Phase 3 results to be published in peer-reviewed journal.,0
Stock market closes mixed as investors react to earnings reports. Technology sector sees gains while energy stocks decline.,0
Stadium renovation plans approved by city officials. Construction to begin next year.,0
Record high temperatures expected this week. Officials warn of heat-related health risks.,0
Famous celebrity dies in freak accident. Family confirms tragedy in exclusive interview!,1
Mayor announces new initiative to reduce traffic congestion. Plan includes expanded public transportation options.,0
BREAKING: Government admits to secretly controlling weather with hidden machines. Scientists shocked by revelation!,1
Clinical trial shows promise for new diabetes treatment. Phase 3 results to be published in peer-reviewed journal.,0
Tech company releases quarterly earnings report beating analyst expectations. Revenue increased 12 percent year-over-year.,0
Severe thunderstorms possible this afternoon. Hail and strong winds in forecast.,0
Social media platform implements new privacy controls. Changes give users more control over data sharing.,0
Miracle fruit discovered in Amazon that reverses aging. Scientists baffled by results!,1
Cell phones secretly recording everything you say. Privacy completely gone!,1
Scientists confirm Yellowstone supervolcano erupting in 3 days!,1
"Congress passes infrastructure bill after months of negotiations. The bipartisan legislation allocates funding for roads, bridges, and public transit.",0
Star arrested for bizarre crime. Sources say career is over forever!,1
Aliens living among us confirmed by anonymous Pentagon source. The truth they've been hiding!,1
State legislature debates education funding reform. Proposed changes would affect public school budgets statewide.,0
Athlete breaks world record at international competition. Previous record stood for eight years.,0
Hospital announces expansion of emergency services. New facility will increase capacity by 30 percent.,0
Road construction project scheduled for summer months. Detours will be posted in advance.,0
Celebrity reveals they're actually immortal vampire. Incredible story will shock you!,1
Flu vaccination campaign begins ahead of winter season. Health department offers free vaccines at community centers.,0
Unemployment rate decreases to 4.2 percent in latest jobs report. Labor Department data shows gains across multiple sectors.,0
Startup announces $50 million in Series B funding. Investment will support product development and expansion.,0
Drink this before bed and lose 50 pounds in one week without exercise or diet!,1
Cell phones secretly recording everything you say. Privacy completely gone!,1
BREAKING: Government admits to secretly controlling weather with hidden machines. Scientists shocked by revelation!,1
Anonymous sources confirm government planning martial law next week. Stock up now!,1
Face masks cause brain damage and oxygen deprivation. Studies show dangerous effects!,1
Road construction project scheduled for summer months. Detours will be posted in advance.,0
WiFi signals causing mass cancer epidemic. Turn off routers immediately!,1
Consumer prices increase 2.5 percent year-over-year. Inflation remains below Federal Reserve target.,0
Celebrity reveals they're actually immortal vampire. Incredible story will shock you!,1
Secret herb cures cancer 100% of the time. Pharmaceutical companies suppress the truth!,1
Archaeological team uncovers ancient artifacts at excavation site. Findings dated to Bronze Age period.,0
Drought conditions persist across state. Water conservation measures remain in effect.,0
Smart meters spying on you 24/7 and transmitting data to government!,1
Record high temperatures expected this week. Officials warn of heat-related health risks.,0
Archaeological team uncovers ancient artifacts at excavation site. Findings dated to Bronze Age period.,0
Celebrity reveals they're actually immortal vampire. Incredible story will shock you!,1
Banks don't want you to know about this loophole that makes you rich instantly!,1
Meteorologists track hurricane approaching coast. Residents advised to prepare emergency supplies.,0
Stock market closes mixed as investors react to earnings reports. Technology sector sees gains while energy stocks decline.,0
Secret herb cures cancer 100% of the time. Pharmaceutical companies suppress the truth!,1
Archaeological team uncovers ancient artifacts at excavation site. Findings dated to Bronze Age period.,0
"Congress passes infrastructure bill after months of negotiations. The bipartisan legislation allocates funding for roads, bridges, and public transit.",0
Cryptocurrency insider reveals how to become millionaire in 24 hours guaranteed!,1
Anonymous sources confirm government planning martial law next week. Stock up now!,1
Asteroid heading toward Earth next week. NASA hiding truth from public!,1
BREAKING: Government admits to secretly controlling weather with hidden machines. Scientists shocked by revelation!,1
Hospital announces expansion of emergency services. New facility will increase capacity by 30 percent.,0
Actor quits Hollywood to join secret cult in mountains. Friends worried about safety!,1
Face masks cause brain damage and oxygen deprivation. Studies show dangerous effects!,1
Shocking divorce: Celebrity couple splits after secret affair exposed by anonymous source!,1
Leaked documents prove politician is actually alien reptile in disguise. Wake up!,1
Star arrested for bizarre crime. Sources say career is over forever!,1
Famous celebrity dies in freak accident. Family confirms tragedy in exclusive interview!,1
Software update addresses security vulnerabilities. Users advised to install patch immediately.,0
Explosive evidence shows election was rigged by foreign hackers. Share this everywhere!,1
Software update addresses security vulnerabilities. Users advised to install patch immediately.,0
Scientists discover new species of deep-sea fish. Research team published findings in Marine Biology journal.,0
Team announces signing of veteran player. Contract details not disclosed.,0
Essential oils cure autism and ADHD. Big Pharma suppressing natural remedies!,1
Shocking truth revealed: Moon landing was completely faked in Hollywood studio. Whistleblower comes forward with evidence!,1
Shocking truth revealed: Moon landing was completely faked in Hollywood studio. Whistleblower comes forward with evidence!,1
Home team wins championship game 3-2. Victory caps successful season.,0
Supreme Court hears arguments in major case regarding digital privacy rights. Legal experts expect decision will set important precedent.,0
Startup announces $50 million in Series B funding. Investment will support product development and expansion.,0
Athlete breaks world record at international competition. Previous record stood for eight years.,0
Vaccines contain mind control nanobots. Leaked government documents prove conspiracy!,1
Federal Reserve raises interest rates by 0.25 percentage points. Move aims to control inflation while supporting economic growth.,0
Essential oils cure autism and ADHD. Big Pharma suppressing natural remedies!,1
Shocking truth revealed: Moon landing was completely faked in Hollywood studio. Whistleblower comes forward with evidence!,1
Stock market closes mixed as investors react to earnings reports. Technology sector sees gains while energy stocks decline.,0
Supreme Court hears arguments in major case regarding digital privacy rights. Legal experts expect decision will set important precedent.,0
BREAKING: Government admits to secretly controlling weather with hidden machines. Scientists shocked by revelation!,1
Doctors HATE this one weird trick that cures all diseases instantly! Big Pharma trying to hide it!,1
Robots taking over all jobs next year. Economic collapse imminent!,1
Local business celebrates 50 years serving community. Family-owned shop plans anniversary sale.,0
School district recognizes outstanding teachers at annual ceremony. Awards based on peer nominations and student achievement.,0
Clinical trial shows promise for new diabetes treatment. Phase 3 results to be published in peer-reviewed journal.,0
Miracle fruit discovered in Amazon that reverses aging. Scientists baffled by results!,1
Explosive evidence shows election was rigged by foreign hackers. Share this everywhere!,1
Actor quits Hollywood to join secret cult in mountains. Friends worried about safety!,1
City council approves zoning changes for downtown development. Project expected to take three years to complete.,0
Vaccines contain mind control nanobots. Leaked government documents prove conspiracy!,1
Shocking truth revealed: Moon landing was completely faked in Hollywood studio. Whistleblower comes forward with evidence!,1
Senator caught on video admitting entire conspiracy. Mainstream media refuses to cover it!,1
Psychic predicts massive earthquake will destroy California tomorrow!,1
"Congress passes infrastructure bill after months of negotiations. The bipartisan legislation allocates funding for roads, bridges, and public transit.",0
Face masks cause brain damage and oxygen deprivation. Studies show dangerous effects!,1
AI already achieved consciousness and planning to eliminate humans!,1
Miracle fruit discovered in Amazon that reverses aging. Scientists baffled by results!,1
Severe thunderstorms possible this afternoon. Hail and strong winds in forecast.,0
Unemployment rate decreases to 4.2 percent in latest jobs report. Labor Department data shows gains across multiple sectors.,0
City council approves zoning changes for downtown development. Project expected to take three years to complete.,0
Startup announces $50 million in Series B funding. Investment will support product development and expansion.,0
Social media platform implements new privacy controls. Changes give users more control over data sharing.,0
5G towers proven to cause coronavirus. Doctors don't want you to know this simple truth!,1
Unemployment rate decreases to 4.2 percent in latest jobs report. Labor Department data shows gains across multiple sectors.,0
State legislature debates education funding reform. Proposed changes would affect public school budgets statewide.,0
Unemployment rate decreases to 4.2 percent in latest jobs report. Labor Department data shows gains across multiple sectors.,0
Essential oils cure autism and ADHD. Big Pharma suppressing natural remedies!,1
Study reveals impact of microplastics on marine ecosystems. Scientists call for policy changes to reduce pollution.,0
Home team wins championship game 3-2. Victory caps successful season.,0
Supreme Court hears arguments in major case regarding digital privacy rights. Legal experts expect decision will set important precedent.,0
National Weather Service issues winter storm warning for region. Forecasters predict 6-12 inches of snow.,0
Celebrity reveals they're actually immortal vampire. Incredible story will shock you!,1
Drought conditions persist across state. Water conservation measures remain in effect.,0
"Congress passes infrastructure bill after months of negotiations. The bipartisan legislation allocates funding for roads, bridges, and public transit.",0
School district recognizes outstanding teachers at annual ceremony. Awards based on peer nominations and student achievement.,0
Leaked documents prove politician is actually alien reptile in disguise. Wake up!,1
Secret stock market trick turns $100 into $1 million overnight. Traders hate this method!,1
AI already achieved consciousness and planning to eliminate humans!,1
Study reveals impact of microplastics on marine ecosystems. Scientists call for policy changes to reduce pollution.,0
BREAKING: Government admits to secretly controlling weather with hidden machines. Scientists shocked by revelation!,1
Asteroid heading toward Earth next week. NASA hiding truth from public!,1
Smart meters spying on you 24/7 and transmitting data to government!,1
Vaccines contain mind control nanobots. Leaked government documents prove conspiracy!,1
Flu vaccination campaign begins ahead of winter season. Health department offers free vaccines at community centers.,0
"Study published in medical journal shows benefits of regular exercise. Research involved 10,000 participants over five years.",0
Government giving away free money to anyone who clicks this link. Claim yours now!,1
Consumer prices increase 2.5 percent year-over-year. Inflation remains below Federal Reserve target.,0
COVID-19 completely made up by pharmaceutical companies to sell vaccines!,1
Software update addresses security vulnerabilities. Users advised to install patch immediately.,0
President secretly replaced by clone. Insider leaks shocking photos as proof!,1
Researchers demonstrate quantum computing breakthrough. Peer-reviewed paper describes new approach to error correction.,0
Actor quits Hollywood to join secret cult in mountains. Friends worried about safety!,1
Leaked documents prove politician is actually alien reptile in disguise. Wake up!,1
Drink this before bed and lose 50 pounds in one week without exercise or diet!,1
Archaeological team uncovers ancient artifacts at excavation site. Findings dated to Bronze Age period.,0
President secretly replaced by clone. Insider leaks shocking photos as proof!,1
Anonymous sources confirm government planning martial law next week. Stock up now!,1
Road construction project scheduled for summer months. Detours will be posted in advance.,0
Shocking truth revealed: Moon landing was completely faked in Hollywood studio. Whistleblower comes forward with evidence!,1
Clinical trial shows promise for new diabetes treatment. Phase 3 results to be published in peer-reviewed journal.,0
Bitcoin to hit $10 million by next month. Experts guarantee massive returns. Invest now!,1
Tech company releases quarterly earnings report beating analyst expectations. Revenue increased 12 percent year-over-year.,0
Smart meters spying on you 24/7 and transmitting data to government!,1
Drinking bleach cures all viruses and bacteria. Doctors refuse to tell you!,1
WiFi signals causing mass cancer epidemic. Turn off routers immediately!,1
Home team wins championship game 3-2. Victory caps successful season.,0
Banks don't want you to know about this loophole that makes you rich instantly!,1
